AccountNumber,LoanId,Name,AmountDue,DateDue,SSN
100001,001,"Snow, John",10000,20180715,1235
100002,002,"Snow, Victor",20000,20180715,1236
100003,003,"Snow, London",30000,20180715,1237
100004,004,"Snow, Roman","4,00000",20180715,1238
100005,005,"Snow, Xavier",5000,20180715,1239
100006,006,"Snow, Lucian","1,00000",20180715,1240
100007,007,"Snow, Julian",10000,20180715,1241
100008,008,"Snow, Mathias",50000,20180715,1242
100009,009,"Snow, Deacon",100,20180715,1243
100010,010,"Snow, Trent",10000,20180715,1244
100011,011,"Snow, Justice",60000,20180715,1245
100012,012,"Snow, Titus",70000,20180715,1246
100013,013,"Snow, Archer",80000,20180715,1247
100014,014,"Snow, Samuel","1,00000",20180715,1248
100015,015,"Snow, Hunter","1,40000",20180715,1249
100016,016,"Snow, Asher",7000,20180715,1250
100017,017,"Snow, Styx",9000,20180715,1251
100018,018,"Snow, Marius",90000,20180715,1252
100019,019,"Snow, Jonathan","10,00000",20180715,1253
100020,020,"Snow, Gregory",30000,20180715,1254
100021,021,"Snow, Isaac",80000,20180715,1255
100022,022,"Snow, Nathaniel",90000,20180715,1256
100023,023,"Snow, Alexander",10000,20180715,1257
100024,024,"Snow, Mason",70000,20180715,1258
100025,025,"Snow, Baron",30000,20180715,1259
100026,026,"Snow, Gabriel",70000,20180715,1260
100027,027,"Snow, Erik",20100,20180715,1261
100028,028,"Snow, Constantine",10000,20180715,1262
100029,029,"Snow, Claudia",70000,20180715,1263
100030,030,"Snow, Victoria",30000,20180715,1264
100031,031,"Rayne, John",50000,20180715,1265
100032,032,"Rayne, Victor",50000,20180715,1266
100033,033,"Rayne, London",50000,20180715,1267
100034,034,"Rayne, Roman",20000,20180715,1268
100035,035,"Rayne, Xavier",50000,20180715,1269
100036,036,"Rayne, Lucian",50000,20180715,1270
100037,037,"Rayne, Julian",50000,20180715,1271
100038,038,"Rayne, Mathias",50000,20180715,1272
100039,039,"Rayne, Deacon",50000,20180715,1273
100040,040,"Rayne, Trent",50000,20180715,1274
100041,041,"Rayne, Justice",50000,20180715,1275
100042,042,"Rayne, Titus",50000,20180715,1276
100043,043,"Rayne, Archer",50000,20180715,1277
100044,044,"Rayne, Samuel",50000,20180715,1278
100045,045,"Rayne, Hunter",50000,20180715,1279
100046,046,"Rayne, Asher",40000,20180715,1280
100047,047,"Rayne, Styx",30000,20180715,1281
100048,048,"Rayne, Marius",30000,20180715,1282
100049,049,"Rayne, Jonathan",50000,20180715,1283
100050,050,"Rayne, Gregory",50000,20180715,1284
100051,051,"Rayne, Isaac",50000,20180715,1285
100052,052,"Rayne, Nathaniel",50000,20180715,1286
100053,053,"Rayne, Alexander",50000,20180715,1287
100054,054,"Rayne, Mason",50000,20180715,1288
100055,055,"Rayne, Baron",30000,20180715,1289
100056,056,"Rayne, Gabriel",50000,20180715,1290
100057,057,"Rayne, Erik",50000,20180715,1291
100058,058,"Rayne, Constantine",50000,20180715,1292
100059,059,"Rayne, Claudia",50000,20180715,1293
100060,060,"Rayne, Victoria",50000,20180715,1294
200061,001,"Storm, John2",4500,20180715,1295
200062,002,"Storm, Victor",14500,20180715,1296
200063,003,"Storm, London",20500,20180715,1297
200064,004,"Storm, Roman",24500,20180715,1298
200065,005,"Storm, Xavier",24500,20180715,1299
200066,006,"Storm, Lucian",15500,20180715,1300
200067,007,"Storm, Julian",24000,20180715,1301
200068,008,"Storm, Mathias",18500,20180715,1302
200069,009,"Storm, Deacon",19500,20180715,1303
200070,010,"Storm, Trent",17500,20180715,1304
200071,011,"Storm, Justice",16600,20180715,1305
200072,012,"Storm, Titus",26000,20180715,1306
200073,013,"Storm, Archer",21500,20180715,1307
200074,014,"Storm, Samuel",19000,20180715,1308
200075,015,"Storm, Hunter",10000,20180715,1309
200076,016,"Storm, Asher",44500,20180715,1310
200077,017,"Storm, Styx",34500,20180715,1311
200078,018,"Storm, Marius",33500,20180715,1312
200079,019,"Storm, Jonathan",11500,20180715,1313
200080,020,"Storm, Gregory",22500,20180715,1314
200081,021,"Storm, Isaac",15000,20180715,1315
200082,022,"Storm, Nathaniel",17500,20180715,1316
200083,023,"Storm, Alexander",20500,20180715,1317
200084,024,"Storm, Mason",20500,20180715,1318
200085,025,"Storm, Baron",33300,20180715,1319
200086,026,"Storm, Gabriel",11100,20180715,1320
200087,027,"Storm, Erik",10100,20180715,1321
200088,028,"Storm, Constantine",10700,20180715,1322
200089,029,"Storm, Claudia",10800,20180715,1323
200090,030,"Storm, Victoria",11700,20180715,1324
200091,031,"Steele, John",22100,20180715,1325
200092,032,"Steele, Victor",12100,20180715,1326
200093,033,"Steele, London",20500,20180715,1327
200094,034,"Steele, Roman",11600,20180715,1328
200095,035,"Steele, Xavier",21600,20180715,1329
200096,036,"Steele, Lucian",15500,20180715,1330
200097,037,"Steele, Julian",24000,20180715,1331
200098,038,"Steele, Mathias",18500,20180715,1332
200099,039,"Steele, Deacon",19500,20180715,1333
200100,040,"Steele, Trent",17500,20180715,1334
200101,041,"Steele, Justice",16600,20180715,1335
200102,042,"Steele, Titus",26000,20180715,1336
200103,043,"Steele, Archer",21500,20180715,1337
200104,044,"Steele, Samuel",19000,20180715,1338
200105,045,"Steele, Hunter",10000,20180715,1339
200106,046,"Steele, Asher",42100,20180715,1340
200107,047,"Steele, Styx",32100,20180715,1341
200108,048,"Steele, Marius",33500,20180715,1342
200109,049,"Steele, Jonathan",11500,20180715,1343
200110,050,"Steele, Gregory",22500,20180715,1344
200111,051,"Steele, Isaac",15000,20180715,1345
200112,052,"Steele, Nathaniel",17500,20180715,1346
200113,053,"Steele, Alexander",20500,20180715,1347
200114,054,"Steele, Mason",20500,20180715,1348
200115,055,"Steele, Baron",33300,20180715,1349
200116,056,"Steele, Gabriel",11100,20180715,1350
200117,057,"Steele, Erik",10100,20180715,1351
200118,058,"Steele, Constantine",10700,20180715,1352
200119,059,"Steele, Claudia",10800,20180715,1353
200120,060,"Steele, Victoria",11700,20180715,1354
